video_name,generated_description
0.mp4," Добро пожаловать! Вы находитесь в бюро добрых дел. Общими усилиями мы собираем все хорошее, что есть в этом мире. Я Лариса Брохман, глава этого бюро. Начинай с нами свой день, и мы вернем тебе веру в человечество.    Заполни пробелы:    Началось все с того, что фермер стал замечать пропажу овощей и предусмотрительно установил скрытую камеру. Наверняка грешил на соседей, но оказалось, что его урожай демонстративно съедает наглый смелый сурок.    Не так ли, Ксюша? Подойди-ка.    Нет, я не соглашалась.   Что ж, мы подумали, ну раз тренд бразильский, пусть он и останется в Бразилии. Верно?  Правда, некоторые комментаторы назвали водителя занудой.   Но это уже другая история.  Движемся дальше. Автоконцерн КАМАЗ совместно со спортивно-техническим клубом «Экстрим Мотокросс»   провели исследование, которое показало, что Земля вращается вокруг Поэтому сегодня, взяв микрофон и здравый смысл, я решила проверить результаты этого исследования.  Как вы считаете, что крутится вокруг чего? Земля вокруг Солнца или Солнце вокруг Земли?  Конечно, Земля вокруг Солнца. "
1.mp4," Ты видел в жизни когда-нибудь Киркорова?    Да.   Да. Я работал на ЛАФ-радио, брат.    Да.  _  Вот это руками надо вытаскивать. Может, слайсами, Крис?  _  _  Ну, господи, как будто я другого спрашивал.  _ Банданы, я считаю, что это говно.  типа нарезок, как падает что-то.    И все.       Привет всем пережившим и отдохнувшим...         И охота увековечить ее рецепты в пространстве интернета .       Слушай, да, мне кажется, что...    То есть, как бы, ну, в Питере уже ресурс... "
2.mp4," Привет, вы смотрите True Detector, шоу в котором известные   и популярные  люди и их близкие друзья пытаются не поссориться   и не потерять друг друга.  С вами я, Кристи Краем, и самый суровый, самый молчаливый,   самый-  самый серьезный мистер Молчун.    *  Настоящее имя и фамилия Анастасия Балашова.  Ну все, теперь можете выдохнуть, я понимаю, что у нас такая   атмосфера, но мы справимся.  атмосфера очень серьезная, может запугать, но мы этого   не боимся.  мне особо и страшно.    Заполни проб Ну а ты будешь говорить правду сегодня?  Не скажу. Ну, это парень не из Dream Team, "
3.mp4," Мне 20 лет, я еще молодой, горячий…    Я тебя сейчас убью!  …  Ты сейчас поплательшься за это!    …  Иди сюда, я тебя оттануру!    …Я тебя сейчас убью Один банк, два игрока и видеоигры.  Ты получается дотер, опытный.  А я с музыки, кстати.    Привет, как дела?  Как успехи на киберспортивном поприще?     Ну слушай, ты в какой-то момент изначально, да, ты такой,   ну, ты такой  Либо стример, либо киберспорт.    Да, да Симпл, Мажорик выигрывает, а потом сидит и с кайфом "
4.mp4," Ну и где он? Мы сейчас его уже ждем.    А он:  «  Ты что, дурак, что ли, а? Этого вообще не хватит.   Давай еще».  «  Бабуль больше не дала.   Я не буду больше». Ждал, пока уснет, досыпал еще.  Мы приходим к подписчику, жестко убираемся у него,  в этой квартире творится полнейший хаос,     и мне кажется, где-то есть западлянка какая-то.    Я говорю: ""  Ребят, давайте не в этой комнате делать всевозможные   разводы,   какие-то наши жеревьевки, что-то, ой, я даже...    Я говорю: "" что разводы появляются вот на этой тумбочке, "
5.mp4," Здарова всем тем, кто находится по ту сторону экрана.    Меня зовут Александр.  Я ведущий.   Друзья, согласитесь, на просторах интернета огромное количество всякого контента,   который можно использовать в качестве шляпы. Сегодня мы, мои коллеги Денис и Егор,  потому что он в свой инстаграм на целые сутки должен выложить такую шляпу,  Это шоу Шляпа. Мы начинаем. Погнали, уберем ее.  Я напомню, что тот, у кого видосик сразу зашкварный, будет сидеть вот так.    Сундук.  Сундук.  Сундук.  ""  Я сказал, рядовой подтягиваемся.    Сундук Все, все на месте.  Да, ладно, все отлично. Сундук.  нашу передачу или нашу шоу смотреть еще очень-очень "
6.mp4," Пожалуйста, не рассказывай. Шоу, в котором знаменитые друзья расскажут друг про друга, самые постыдные истории из жизни.    Привет, друзья!  Ну а пока встречайте, Иван Пышненко и Дмитрий Кожома, настоящие друзья. Привет, ребят.    Привет, привет, привет.   Привет, спасибо, что пришли. Здравствуйте. Ну что, как давно вы дружите? Сколько лет? И самое главное, как вы познакомились?    Привет, Двадцать лет на сцене?  Двадцать лет на сцене, да.  В институте. Сейчас я расскажу.    В институте.  Где?  Я спросил, где? Я просто, я, я такой ощущение, как будто я неправильно задаю вопрос.    В институте.  В институте.   Леша говорит, Ваня это Дима, Дима это Ваня.  Да, но она не то чтобы какая-то очень смешная история,  Я хотел измором тебя взять. "
7.mp4," Всем добрый вечер, ночь, утро, день или что там у вас, когда вы решили заняться   спортом. Алла Шишкина - вице-  чемпионка мира по синхронному плаванию. Трехкратная олимпийская чемпионка по синхронному плаванию.    Здравствуйте, друзья!  Встречайте Алла Шишкина! Вас аплодисменты, друзья! Мы за кадром, признаюсь, немножко пообщались.    Как к готовиться? Лучше готовиться к самому худшему, чтобы потом порадоваться, что все получилось.  Ты тренируешься по синхронному плаванию? Ребятишек, девчонок, мальчишек, взрослых, может быть?  некоторых спортсменов. Да, было такое. Я с ними общался. Они мне реально сказали, что я сдохну . И я сдох.   И очки прям, и шапки? Да, обязательно. А без них мы не будем никак? Нет, можешь попробовать, но будь тяжелее.    А что, это правда?  Да.  В каком году прошли первые соревнования по синхронному плаванию на Олимпиаде?  Ну, прошу. Так, моя мечта сбылась.  И это правильный ответ. "
8.mp4," А давайте сейчас еще немножко в детство. А полюция первая была?    Нет, у меня не было полюции.   Не, у меня вообще не было никогда полюции.   А почему? Ну Короче, полюция из-за того, что у тебя переизбыток...  Вообще, да. Это же зависит от того, что если ты...  Когда ты уже в сознательном возрасте, твой организм и у тебя нерегулярный секс,  Я если бы узнал, что...    Я бы узнал, что... ...  Он не должен дрочить, он не должен трогать свой член сам.    Это не я.  Это ты сейчас у тебя в Верга Бауэлла в обществе.    Это А это плохо или хорошо?  Что это в натуре стрёмно. "
9.mp4,"снегоход , берег , лыжи , велосипед ,лыжи, бобслей ,лыжи,</s>шлем , пакет , картинг , заколка , сани ,снег.</s>"
10.mp4," Костя, ты сейчас очень сильно целуешь себя. Ты сейчас гибкий, конечно.    Костя, ты сейчас очень гибкий.   Ты не можешь дальше продолжать участие в нашем проекте.     Я хочу это отдать Юнису.    Костя, ты сейчас Двое сейчас пойдут готовиться к бою на вылет.  Скажи, с кем из бойцов ты бы хотел разделить эту клетку?  потому что, как вы помните, Армен его передал Юнису.    Что вы будете есть?   Некоторые предполагали, что будем червяки есть, тараканы.    Кто будет проводить эксперимент?   Проводить эксперимент будет Роман Устюжанин вместе со своей командой.    Что Было ли такое, что вы занимались продажей женщин?  В моем бою после пропущенного удара со мной он мог встать. "
11.mp4," Родные, всем привет! Как и обещал, сейчас подогрею кого-то из вас одним айфоном 13 Pro.    А кому?  А вот кому.   Всем тем людям, которые выполнили условия и подписались на все каналы команды Pencilmash на Рутюбе,   мы дарим по одному айфон Что надо было сделать? Надо было сделать следующее.  Мы ссылку на этот пост загрузили в Telegram-бот и сейчас вот с помощью рандомного такого процесса  Без монтажа, Сань, все видно, да? А то люди у нас серьезно могут потом и предъявить.  Пожалуйста. И обладателем айфона становится... Тан-тан!    Тан-тан!  Тан-тан!  Тан-тан!  Я надеюсь, что ты существуешь, ну наверняка ты есть, поэтому открывай Директ,   там все Ну, я свое обещание выполнил, увидимся, что-то будет еще, посмотрим. Бабах!  Семья! Ну вы что? Встаем, просыпаемся, все. Кукарику, екала мэнэ.  Ты, кстати, следующей пятницу че делаешь? "
12.mp4," Всем привет, с вами шоу Хашлама .  Да, да-да-да-  А, да-да-да, ты че? Что с тобой плохой контент?    Да, да-да- Да, без икратка Коломидцева  Я думал все редкие буквы там спрятались  Это очень правильно, ведь мы выходим на Рутуб  Ты знаешь, с чем мы будем заниматься сегодня?    Да, я знаю.  (  Мы заказывали фаст-фуд, мы заказывали в ресторанах, все такое  )  (Смеется)  ( Поэтому можешь представиться зрителям той частью тела, которую они запомнили?  У меня есть лосины с покемонами  Мне даже страшно комментировать, потому что эта песня тоже моя "
13.mp4," Да, возможно, мне сейчас передоз, я сдыхаюсь из-за этого.    Да, я знаю.  Да, я знаю.  Да  Я ненавижу тебя, зомби, уходи!    Да, Ты что, не понимаешь флорусский?  В шоу «Пробы» попадают начинающие актёры.  Они ещё не знают, но впереди их ждёт необычный кастинг.  А, меня зовут Стерольда...    А, меня зовут Стерольда... ...  Это последняя хурма на свете, ты смотришь в камеру, всем в глаза,   и говоришь:  ""  Здравствуйте, Евгений, вы откуда, из Прибалтики?    И говорите marry me.  Вживайся в курицу, вживайся в курицу "
14.mp4," И станцуем, и споём, и поплачем, и посмеёмся , и поплачем, и посмеёмся.  Шаманизм, он как бы заразен , он как бы заразен.  Если бы не музыкант, был бы врачом  Ты хочешь знать откуда эти шрамы?  Спасибо вам, пожалуйста, сама  Надо мной летает вольный ветер ,  И хочется просто любить и дышать,   И хочется просто любить и дышать ,  И хочется просто любить и Такой, какой есть, и меня не сломать  И самое главное, что мы всё это будем делать одновременно  И для кого-то может быть тоже в жизни интересная ситуация "
15.mp4," Вдоль по улице, Ванюша, по широкой дружокой часа-то хожевала.    Как вторая Пасха?  Как вторая Масленица, как второе крещение, как...    Как второе рождение?  Как второе...   Как вторые похороны, я принцип понял. Дальше что?  Каждый год примерно в это время старейший олень сбрасывает свои рога,  Ну рога в доме же, они к счастью даешь.  Это просто важно, в чем я пойду.    А теперь давайте  поприветствуем нашего бессменного многократного чемпиона   мира по футболу.   Слышь, немец, я тебя не увижу.     Кто понял жизнь, тот счастье не ищет.    А теперь давайте попривет А теперь пришло время узнать, кто же будет самым счастливым "
16.mp4," На связующих шоу, в котором ведущий вместе с популярным гостем ищет номер звезды.    Кто произвел на тебя фурор?   Я не могу, у меня слезы из глаз.   Кто произвел на тебя фурор? Я общалась с ним на всю свою жизнь.  Кто произвел на тебя фурор?  Да, круто, очень весело.  Если бы кто-то рассказал маленькой девочке Алене из города Волокда,   что она станет телеведущей... ...  Я скажу тебе честно, я долго готовился к этому выпуску,   и мне было очень интересно.  Вот знаешь, детский азарт такой.   ... А всегда было время, когда не было каких-то вот этих мессенджеров,  Кто первый тебе приходит на ум? "
17.mp4," На связующих. Шоу, в котором ведущий вместе с популярным гостем ищет номер звезды.    -  Сашенька, а где мой клип новый?    -Не знаю.  -  Ну слушай, ну когда-нибудь тебя можно будет увидеть в тиктоке.    -Не знаю.  - Как тебе эмоции от ЧБД?  Ну Крит держится, держится.  И это его номер, Александра Гудкова.    ""  По классике, зарядим, зарядим, зарядим, зарядим, все, все, все, все.    ""  Я стараюсь выглядеть хорошо.    ""  И сегодня, я думаю, у нас есть все шансы,   чтобы выиграть.  "" "" "" "" "" Да, нормально я, как бы, ну... "
18.mp4," Скажите, какая книжка здесь самая взрослая?    «  Поведите себя прилично, босиком не ходим.    Что вы здесь делаете?  «  Что вы здесь делаете?    «Что вы здесь делаете Это способ уйти от реальности.  Ну а если, например, у вас веселье дома,  и вы ищете спокойствие и новых впечатлений,   то мы знаем,  где можно спокойно поработать и провести время, как всегда,     бесплатно и за деньги.    Мы ждем вас в нашем офисе.  _ Часы работы со вторника по пятницу с 13 до 21,  в субботу с 12 до 20, "
19.mp4," они достанут все скелеты из вашей шкафу конечно если шкафу нету и доставать ничего, но если вам есть что скрывать то все   будет очень даже не плохо если вы не  детектив кристи краем и не умолчили вы вдруг залезут вам в душу   и начнут копаться в ней  вы смотрите шоу с детектором лжи ?  в смоленске 23 мая 2001 года тикток блогер участник dream team house давайте его поприветствуем  не сюда сделать ты просто ты просто молодец что ты вот такой леш ну так рассказывай страшно  снялась таких популярных сериал да вы не знаете ладно они там больше на телефон и для себя но это   не значит что я не снимаюсь в кино   ложью у тебя есть парень или ты просто боишься забеременеть у меня нет парня я не боюсь   забеременеть  я не снимаюсь а мы просто как-то можем где-то помочь написать сценарий для съемки и так далее но так чтобы  допустим есть продакшн у меня есть допустим менеджер кто-то вот по ходу из продакшна ну допустим  двигаются да возможно как-то страничку бы свалила но я настолько этого не делаю что я даже с ними "
20.mp4," Мы начинаем. Да, я Семен. Да, ты сказал правильное мое имя. Это шоу «Валка Мафия». Шоу, где шот реально убивает. А я его ведущий, Семен Голов.    А можно вопрос?  Можно.   Только один тебе, пожалуй, руку.   А почему?   Натан сам проявил инициативу.   А А можно вопрос, почему мне никто руку не пожал?  Я хотел, я к людям так сделал и сказали стоп.  А, и все, да? Это тебя остановило? Только стоп?    Да.  Когда ты это понял?   Когда? Месяца два назад, но, знаешь как, я уже немножко на опыте.    А, мафия?  Супер. Видно ты играл в нее.  Мафии, чтобы выгнать человека, нужно минимум два раза попасть в одного и того же человека.  Это суть мафии. Понятно, надеюсь, всем. "
21.mp4," Всем привет! Меня зовут Марина Дворникова. Я мама троих детей и успешный блогер.    Меня часто спрашивают о детских садах.   Я помогу вам разобраться в трудных и спорных ситуациях.    Сегодня поговорим о детском саду. Как встать на очередь? Какие документы нужны? И может ли детский сад отказать в приеме малыша?  Каждый ребенок имеет право на бесплатное дошкольное образование. Это прописано в 43 статье Конституции.  Чтобы попасть в детский сад, необходимо встать на очередь.  При этом не важно, есть ли у вас прописка или регистрация в городе, в котором вы хотите отдать ребенка в сад.    Как встать на очередь в детский сад?   Сделать это можно как лично в детском саду МФЦ или Управление образования, так и через портал Госуслуг.    Для этого необходимо написать заявление. Конечно, там указываются данные родителя и ребенка, просьба о постановке на учет для зачисления в детский сад,  К заявлению необходимо также приложить копию паспорта, копию свидетельства о рождении ребенка  Бывают случаи, когда ваша очередь смещается назад. "
22.mp4," Вода. Без нее бы не было жизни на Земле.    Вода - это жизнь.  Она есть просто везде. В воздухе, в океанах, в снегу.     А откуда она вообще взялась? Интересно.    Вода - это жизнь.  Люди, растения, воздух и даже песок в пустыне и камни в горе   - все Еще бы! Ведь она покрывает две трети нашей поверхности.  жидкая форма льда и газа.    Вода есть везде.   Только в другом виде.    Вода — это жизнь.  Вода — это жизнь Но так ли вода редка во Вселенной?  Как нас учили в школе, вода состоит из двух атомов водорода  Но спустя примерно 380 тысяч лет после большого взрыва "
23.mp4," Ох, затоксицировали. Наконец-то у нас будут ругать в прямом эфире.    - _  Слушай, пердежи в банках продаются.  _  - _  Давайте я снова проиграю, и всё, снова ко мне придётся.  _  - _  Настоящий тепловоз стоит миллион двести семьдесят пять тысяч рублей.  _ Полёт на истребителе L-39 стоит шестьдесят тысяч рублей.  Ну а олень и рога?    Сколько стоит олень?   Семь тысяч рублей. Вы спросите, откуда я всё это знаю?    Я тебе скажу.   Да? Ой, хочешь ещё скажу? Привет!    В Норвегии Все настоящие мужики там её носят.  Что-то мне подсказывает, что у нас сегодня будет очень "
24.mp4," Родители заставляют тебя посещать в неклассные занятия, которые тебе не нравятся?    Да, заставляют.   Представляю, как это может быть тяжело.     Не надо, где же художка?    Не знаю.  _  Для начала нужно понять, почему занятия тебе не нравятся.  _ Может быть, дело в преподавателе?  Отсутствие общего языка с педагогом легко может отбить желание заниматься любимым хобби.    Но...  Может быть желание бросить все появляется, потому что у тебя просто не получается?    Или ты устала?   Или тебе просто хочется ходить в другой кружок?    Или ты думаешь: ""  Так, сейчас волейбол, а затем пинг-понг, а потом...  Поэтому, если мама или папа категорически против того, чтобы ты бросала занятия, "
25.mp4," Привет, маяшкины, с вами тикток-шоу, и я Настя Витонова.    Всем привет!  Сейчас я вам расскажу все новости самой популярной   социальной сети в мире.  1.  Маркетологи собрали интересную статистику за этот год,   и вот что они 69% пользователей предпочитают смотреть короткие видеоролики.  Аня по кровь намекнула, что Даня Мелохин и Женя Медведева  Как говорит блогерша, Даня постоянно говорит про фигуристку,   а я про блогершу.  Кажется, у нас создается новая пара, интересно, получится   ли у нас?  ""  Моя первая любовь звали Саша, я тогда плакала даже,   а сейчас сме Под взгляды удивленных пассажиров выходим на небольшую  Здесь есть кабина дежурного, электроподстанция, вентиляционная "
26.mp4," Привет, подруга! Ты перевелась в другую школу? О, я представляю твоё волнение. Новое место,   новые учителя, новые-  незнакомые люди. Но есть у меня пару советов, как найти общий язык с одноклассниками и учителями.    1. Не бойся знакомиться.  В этом деле самое главное — не бояться. Это же, наоборот, интересно. Новые люди и знакомство —   это всегда интересно. А сейчас мы будем знакомиться с нашими новенькими. Аня. Всем привет, меня зовут Аня и я очень люблю  много всего люблю и делаю постоянно. У меня есть мама, папа, у меня есть брат, у меня кошка, собачка.  почему ты перевелась в эту школу? Ну и, конечно же, будь дружелюбный и приветливый. Например,   если ты хочешь познакомиться с учителем, то каждый  делает это по-своему. Тебе в этой ситуации тоже нужно вести себя правильно. При знакомстве с   учителем можно использовать два способа.  Первый Второй способ. Хвастаться. Многие, чтобы произвести хорошие впечатления, хвастаются. Они думают,  потому что считают, что так они показывают свою глупость, но это ошибочное мнение. Учителя  Педагоги любят, когда к их предмету проявляют интерес. Но вопросы должны быть по делу и следи, "
27.mp4," Как я могу хотеть того, что у меня никогда в жизни не было?     Потому что я переживаю, что моя вагина испортится.    Да, они там...  Да, они там борщи варят, они там данки...    Да, они там...  Пояснительная бригада в здании.    Да Послушай, ты у нас, Фидель, сегодня символизируешь добро, ты зло.  Я в начале нашего немножечко беседы поняла, что не обязательно.    ""  Когда у тебя закончатся статусы из ВКонтакте,   ты поймешь, что...""  ""  То есть мы изначально ставим проблему так, что...   ""  ""  Разговор не о том, чтобы... о личности.   ""  "" Я тебе хочу сказать, дорогая моя, что разница между нами и мужиками "
28.mp4," И вам наша, и вам наша. Это Арт-механика.    Это круто.  Например, я теперь не просто складываю зимнюю резину на балконе,   как раньше,  а это полноценный перформанс.    Это круто.  И не дает мне забыть о том, что я арт-механический ведущий .  Это круто Влад Маленко, моя несравненная помощница Олечка.  Друзья, вы меня поймете, наверное.    Я вот думаю,  ну почему меня вот так далеко поставили от вас,   почему расстояние между нами такое большое?  во всем мире вот одинаковое, из чем это связано?    Я думаю, но это все-таки связано с неким вестибулярным аппаратом лошади,  Как вы сами оказались в этом удивительном, сложном мире, "
29.mp4," Значит нам в отдел выдали новое транспортное средство. Сами посмотрите. Помощнее чем Бобик будет, потому что Бобик не ездит.    Заполни пробелы:   Вперед хотя бы двигается, уверенно. Тихо-тихо. Немножко. А спросите, почему Бобик у нас не ездит?   Потому что он не умеет.  Запол Будем тут подачам двигаться. Смотри, что там. Никто не воровал.  Ты так нельзя говорить.  Давай там, не гунди. Все. Пошли патрулировать.  Не, я, честно, вообще не знаю, что у нас сегодня за день такой в отделе.    -  Откуда? Откуда ты знаешь?    -Ну я же тут работаю.  -  Ну чтоб тут все было чистенько, все хорошо,   все было хорошо. Если вам понравилось это видос, обязательно подписывайтесь на канал,  интересного. А еще больше всего интересного "
30.mp4," Прибыли на пруд, который называется у Петровича. Платный водоем в нашей области, разбираем вещи,   потихонечку-  потихонечку начинаем рыбачить. Нам вот организовали такое место, посмотрите здесь, из катушки. Стол   накрыли, потихонечку-  потихонечку сейчас разогреет. Прохладно, сейчас кофту еще одну надену. А я думаю,   что это не так сказать. Сейчас покажу свой чемоданчик, подготовленный на сегодняшний рыбалку по хищнику.  строй человек, который кормил всю эту бригаду, который сегодня будет с хорошим настроением и  которые мы взяли, чтобы не испачкаться. Будем думать дальше, пока это слабенько.    Не  явный лидер чай от Дениса Сундукова. На этом чане церемония с Максимом Назаром подошла к концу.    Подписывайтесь на канал  Ставьте лайки. Рыбак мой. Ну, Егор, уже листик, это хоть что-то ты поймал. Понимаешь, это уже приятно.    Да, я был  с ним. Я взял спиннинг его, достал этот мэпс, он обрадовался, подарил счастье человеку и сразу же   ушел.  Значит, перемещаемся ближе к хвосту водоема, где больше кустов. "
31.mp4," Эта история началась с того что я Лизе хотел сделать приятно. Но что то в этой истории пошло не так.    «  Что, вы кричите совсем?   Я же не глухой!»  «  Ой, Ризон, извини, пожалуйста, я просто хотел тебе это приятно сделать, а тут Денис мне приятно сделал горячник забил!   Я не хотел!»  «  «Каждую пятницу по бабам».  У нас там в холодильнике полно еды.  Лизон, ну правда, не первый января, не новый,   не новый год, не новый год.  В общем, сегодня мы с моими родителями знакомимся.    Лизон,  покупаем маркер, вот так вот тебе разрисовываем,   а потом ты мне Родной, вот этот пакет, конечно,  У Андрюха есть Инстаграм, "
32.mp4," Каменный, бронзовый, железный век.    Полимеры.  Полимеры.  Примерно 100 лет назад человечество вступило в век синтетических полимеров.    Полимеры.  Пол Окна, полы, двери, да и в конце концов вся ваша мебель. Ну, почти.  Так что же такое полимеры? И откуда они взялись?  Сегодня на примере привычных нам пластикового стаканчика и маленькой резинки  Как химическим путем его получают.    Как его получают.   Сейчас с отводом, наверное, скорее всего делается.    Как его получают.  ""  Немецкий химик Герман Штаундингер предположил, что он состоит из очень длинных макромолекул,   похожих на целлю составляющее основы деревьев и большинства растений.  и затем сгорают в комфортках домашних плит "
33.mp4," Наташа, вот я почему вместо тебя должна тащить такое транспортное средство?    Наташа, ты что, не можешь?   Это что за ступа, ведьма?    Это не ступы.  Это шоу о том, как сделать ремонт без ремонта.  Как своими силами преобразить квартиру без бригады рабочих,  без пыли и без большого бюджета?  Это, конечно, смелое решение, синяя стена.     Тут какой-то прям кричащий, все орет.     Слушай, орет на тебя этот вот этот вот красный пятно,   а ты не реагируешь.   И несмотря на свой цвет, именно она задаст здесь основной ритм .   Зебру в интерьер загнали?    А что"
34.mp4," Всем привет! Вы смотрите шоу «Какого Меркурия?»   на канале «Пятница».  Если вы потерялись и не знаете, как найти наше шоу, то ориентируйтесь по мху.    Он растет на краю болота.  Там либо выход, либо мы!    А Мы все также пытаемся разобраться, возможно ли вот так взять и угадать знак зодиака человека  по очень маленькой информации о нем.  Лицом он похож на человека из XIX века, который мог бы погибнуть в любой дуэли.    Обидно, да?  Да, это действительно обидно.    Как вы себя чувствуете?  Я прекрасно, мне все нравится.    Как вы себя Ну что ж, пришло время узнать вам правила нашего шоу.  А если две сплошных, одна из них быстро стирается "
35.mp4,"конверт , конверт ( другое  ), конверт ( стол  ), конверт ( вертушка  ), конверт ( веб-сайт  ), конвертластик , кресло , точилка , спичка , стул ,стол.</s>"
36.mp4," Будете конец друг за другом, стрелять.     Самая меткая команда уедет.    «  Привет, братва! Это 1000 долларов шоу, и я его ведущий, Дима Гордей.    _  Его аудитория в почти 7 миллионов подписчиков не раз убеждалась в том,   что автомобиль – это круто. _  И что любое средство передвижения – это не только практично, но и весело.  Есть Варик поднять реальные деньги. Что, как настрой?    А давайте за ними погоняемся?  С женами даже, да.    А давайте! ...  Давайте сейчас решим, кто будет гоняться первый. Есть у кого-то желание?    Раз, два, три, четыре, пять, шесть, семь, восемь, девять.  А, не-не, все, стойте, они уже... "
37.mp4," Скажите, а вы пришли с нами?    А вы пришли с нами?  ""  Давай, я буду завыгнаться.    Я пришла с друзьями.  С друзьями, с детьми.    И в Москве есть огромное количество мест,  Покажу те места, где достаточно безлюдно  И этот выходной вы проведете вместе со мной.    В городе есть три катка,  на 1200 квадратных метров.    И все они работают в субботу.  Все катки открываются с 10 до 11 утра  и закрываются в 22.00.  Очень хорошо, нам очень... "
38.mp4," Привет, я Алиса. Человек, который однажды столкнулся с ремонтом, решится на вторую еще нескоро.   Но мы знаем, как это исправить.  Это шоу о том, как сделать ремонт без ремонта.    Как это?  Они не делают ремонт Используют только декор и дизайнерские лайфхаки.  А ты видела вот сзади нас какой ночной город?  Легко. Это Нью-Йорк, например, а вот это Чайна-Таун.  Нет, я просто изучила те вещи, которые остались после него,   и решила их продать.   Кстати, в этих стеллажах мы также навели порядок,   и теперь там все аккуратно.   Такие красивые темно-синее-бархатные портеры.    Карниз новый, он стоит полторы тысячи рублей,  Как захолустье превратить в город мечты? "
39.mp4," Дядьки, вы понимаете, что мы сейчас скажем всё тупыми?    Да, бро.   Так они в рот, бро.    Да, бро. ...  Килограмм сорока сантиметровых волос был продан за 60 тысяч рублей.   ...  Вы спросите, откуда я это знаю?  Вы меня спросите, а где же наши участницы?  Честно говоря, я думала, он такой, Криси Крайм, как Деваем Катюша.    Криси Крайм, участница их со тимм Чана  Участница их со тимм Чана, участница фулхауса Катюша .  Наша игра очень проста. Мы сыграем три раунда. Во время раундов вы купите баллы.  Ты еще сказала с чем-то.  И рейтинг 5 звезд. "
40.mp4," Ну что ж, дамы и господа, добро пожаловать на аукцион!    Аукцион - это  Шоу, в котором подписчики делают ставки за вещи своего   друга.  Правила аукциона:  1.  Сделать ставку может каждый сидящий в зале.    В качестве ставки принимается все, кроме денег.  Еще не А4, но уже не А3, Егорик Шкред!  Это молоточек, он не настоящий, да?    Это молоточек, да?  Это молоточек  Что единственное, что игрушечное, что здесь присутствует,   это 5 вещей- молотов, вещей близких, тебе, а точнее, 5 вещей, которые  Благо, у нас здесь огромное количество, их здесь сегодня  У нас сегодня здесь намного жестче будут испытания, "
41.mp4," Йоу, Мишаня, вот эта песня мне пох, просто вообще бомба.     Скандальность, фриковатость, она вызывает конфликт.     Я прям тебя слушаю.     Ни ко всем, вкус вернулся.     Все гости приносят свои фирменные рецепты.   Я не знаю, У нас на столе курица, помидорки, черри, огурцы,   лук, чеснок, зелень.  Самый богатый источник белка, куда же без него?    Белок?  То есть мы белок с белком готовим?    Да, это так. Плюс я перфекционист сам себе по натуре,  Всегда ведь круто, когда на тарелке все красиво лежит, "
42.mp4," Всем привет! Это очередной выпуск. Пойдем, отойдем.    Подождите, подождите.  Подождите, подождите. Вы куда?    Куда?  Куда?   К Сундукову. Иду к Сундукову. Я его больше не прощу никогда.    Никогда Я его за что только не прощал этого Сундукова.  Я думал, вот снега намело.  Ладно у меня на день рождения вместо свечек петарды в торт ставил.    А сейчас что случилось?   Вот так вот. Я думал, у меня пудку разорвало, как ромашку.     А сейчас-то что случилось?   А сейчас я его убью.  Так что все. Я сейчас с гранатомета по нему шмальну.  Все, все, хватит, хватит. "
43.mp4," Так, смотрите, я рак по знаку Зодиака. Есть кто тоже повезло? Кому похлопайте, пожалуйста.    Я рак.  Я рак.   Ну, вот второй вопрос после как тебя зовут, тот по знаку Зодиака.    Я рак.  Я рак. И я столкнулся с тем, что когда я говорю рак, мне очень часто прилетало типа...  Не у меня рак. Слышишь, я рак. Расскажи, в чем дело. Что произошло вдруг?  Я стою просто таку, у меня тайна от вас есть, ребят.  Это моя загадочность. Это единственное, что более-менее понятно.    И дальше идет, что я очень добрый человек.  Смотрите, но еще из положительных черт, из положительных черт, приятно было прочитать про себя,   что я очень добрый человек. И дальше идет, что я обидчивый и злопамятный человек.  Стать частью группы. Я так понял, для этого не нужно  Потому что, если я буду верить в гороскопы, "
44.mp4," Друзья, всем привет. Тут такое дело. Я вам давно хотела сказать, но я очень-очень сменивалась.    В общем, у меня есть подозрение, что  В общем, у меня есть подозрение, что Андрюша ей. Нет, ну вы сами подумайте. Вот он у Тяпа ночевал, ночевал.     С ухом, с проколотом ходил, ходил еще, я его постоянно пьет. А еще, с бабой его тоже никто ни разу не видел.    А тут я прих Что вы тут делаете? Что-что? Андрюху я кормлю, что мы делаем? А он сам не в состоянии поесть?  Что мы тут делаем? Короче, шляпа такая произошла. Андрюхе повестка пришла, осенний же призыв.  Пират, что ли? Андрюх, пират. Да ну не. А кто?   Ну, не знаю.  Мы просто первые заходим, все пиво нормальное забираем, а ему только это , имя, фамилию, и еще это,  короче, и еще даже это, дату рождения. Потом будет все на одну лицу.    А А вы че тут делаете, Андрей?  Извините, а вы что здесь делаете? "
45.mp4,"ресторан , одежда , кинотеатр , гитара , лампа ,телевизор.</s>ТВ  - обложка , ТВ- другое , ТВ- здание , ТВ- червь , ТВ-</s>"
46.mp4," Спасибо большое. Это последний этаж, что лифт не работает.    Как накачать пресс  Привет, говно. Если ты ходишь в качалку только для того,   чтобы накачать пресс, то ты говно.  Перед тобой тренер, который выиграл 4 олимпиады,  потому что это алгебра, я знаю, как свои 5 пальцев.  Лови очередную порцию советов от Антона Протеинова.  Врубай, врубай, врубай, врубай!    Врубай!  Врубай!  (  Более тупого наказания за разбитое школьное окно   не придумаешь)  В итоге вы хорошо проведете время, закроете углеводное окно  ну или про то, что может послужить приятным бонусом,  Я сам лично насчитал в мире более 150 миллионов жирных жоп, "
47.mp4," И вы смотри, как высоко!    И вы смотрите, как далеко!   Наташа, у нас сегодня сын! Первый раз в затяг покурил!     Скажи, у тебя есть мечта?    Нет.  Почему? Ну я просто никогда не видел соленую воду без помидор.  Бать, есть какая-нибудь история?  Конечно, вы знали, что Югославия это изначально был корабль?    Конечно, вы знали, что это корабль?  ""  Вы еще держитесь за это дома, сраные.    ""  Я тебе серьезно говорю.    "" Ну, посмотрите, ну просто, ну все зацены такие.  Но он сказал, что смотреть на заусенцы, "
48.mp4," Привет! Меня зовут Коклюшкин Павел. Для своих просто шеф.   А для всех остальных – шеф-повар.  Сегодня, как и всегда, мы будем доказывать, что на своей кухне можно готовить вкусно, интересно, а главное выгодно.    И это не просто слова. А помогать нам в этом сегодня будет звезда французской кухни – кордон блюд.  В ресторане это блюдо стоит от 300 рублей до бесконечности.  И, на мой профессиональный взгляд, нам хватит на две порции.  Ветчину я взял уже нарезанную, чтобы была аккуратненько, ровно,   как на фото.  А теперь нам надо сделать в курином филе небольшой кармашек,   чтобы ветчина туда поместилась.  Масла нужно чуть-чуть больше, чем обычно,   чтобы оно не подгоре Для того, чтобы сковородка нагрелась,  Действительно очень вкусно. Рецепт "
49.mp4," Кирюх, может пойдем уже? Хватит сидеть, может. Тебе спорим все.    Да, пошли.  * * *  «  Всем привет. С вами канал «Концепт Футбол» и его ведущий Дмитрий Старых.    «Привет, Кирю Сегодня у нас невероятно крутой гость. Мастер трафных ударов, мастер ноколболов.  Как? Как? Какие приятные слова.  Сегодня ты будешь нам объяснять, как бить ноколбол,  как бить крученый удар и как бить дип-удар, который падает.    Как бить крученый удар.  Как бить дип-удар  Ну раз уж я здесь, отказываться не буду.    Как Ну что, ребята, приятного вам просмотра. А тебе?  чтобы он летел, вилял и залетала конфета вот такая вот.  Разбег у нас должен быть примерно с небольшим отклонением, "
50.mp4," Завалило сердце у меня , завалило сердце у меня,   Сто процентов между нами, сто процента я любовь .   А мне-то вроде бы и из-за него плохо, а так же хорошо ,   Там было очень на самом деле непросто  И тут же дает образ твой, Макдонна  Вот с этой бы песни на Евровидении — нет.    «  Потом рассказать, сколько я заработал.    «  Сегодня к нам в гости пожаловал, и мы рады его приветствовать.    «  Дамы и господа, ladies and gentlemen, Жон Милимера!    «  Песня «История у рояля»   — это история любви».</s>"
51.mp4," Добро пожаловать на шоу АУКТО,   где вы можете побороться  за вещи своего любимого артиста.    В качестве лота,  а в качестве ставки принимается все, кроме денег.    Ведущий АУК а в качестве этого шоу Игорь Чехов, друзья, всем здравствуйте!  поборются за пять лотов нашей многоуважаемой звезды,  чьи муси-пуси забрала себе инста-самка ?  Екатерина, как дела? Расскажите, вкратце, о себе что нового?    Как вы?  Как дела?   Мы хотим знать очень сильно.    Как вы? Ой, вы такой милашка!  Но главное, я эти очки очень берегу в своем сердце, "
52.mp4," Всем здорова! Это самое фигуристое шоу «Женский труд».    _  Шоу, после которого приятное послевкусие, и это не светлое, не фильтрованное.  _  _  Полчаса времени на все и огромное желание, надеюсь, забрать тридцатку мятами.  _  _  Теперь знаешь размер, да?  _  _ Вот и готово. Вот это теперь как.  А наказание тебя ждет от громилы! Громила!   Громила!  …  Будылену Алефтину Эдуардовну, именно она и определит,   какое наказание тебе назначить.  …  Какой стульчик вам больше нравится?    …  Это было шоу «Женский труд-шоу»,   в к которому любая девушка может заработать 30 тысяч рублей "
53.mp4," Здравствуйте! Это шоу диктанса звездой.    Здравствуйте!  Это  Шоу, в котором я, Татьяна Манахова, буду проверять медийных личностей   и звезд шоу-бизнеса  на знание русского языка и на устойчивость к шуткам в их сторону.    Сегодня у нас гость в столовой, потому что именно он придумал фразу  People have it. Богдан Цитамир. Рада вас приветствовать, Богдан.  Запомнил. Я учиться не люблю и ничего не учил.    * * *  Богдан, скажите, пожалуйста, как вы думаете в данный момент,   вы хорошист или троечник?  То есть вы отличник?    * * *  Ой, а за поля нельзя вылезать, да?  а вот Богдан все бегал по деревне "
54.mp4," Так, ну что, друзья, всем привет! Вы на канале Максим Народный. Сегодня очередной вкусный, добрый, душевный выпуск.    И так, поехали.  #  Сегодня у нас в очередной раз в гостях, это по моей уже просьбе, не по ваших комментариях, вы думаете вы там флычете?    Ольга, она же Ольга-  Сразу говорю, Ольга опять приехала на машине, поэтому это сок.    Сектра приз на барабане.  Честно даже не знаю, бра, вот съемку начали буквально, ну сколько, минут 3.  Три назад не видел, я думал это, может, на Коммунаде рождения потом. Я говорю, ты что, с подарками?    А что, это вкусно?  Да.  В томатном соус, конечно.    А что, это вкусно? Для этого нам понадобится плавленый сыр, рис, уже промытый, соль, перец, сливочное масло,  Перед началом готовки мы отправили варить с курт,  Подписчикам очень интересно, сколько ты вешаешь? "
55.mp4," Новый сезон, новые приключения.    Новые приключения.  Новые приключения.  ""  Блин, Рик, куда мы попали?    ""  Мы попали в самое страшное и непредсказуемое место.    ""А ты Я 24 часа езжу в тележке из супермаркета.  А я думала... я думала...  Единственные новости, после просмотра которых не хочется сидеть на коленях под дождем и кричать   ""Я люблю тебя, жизнь""  Что ты там сказал, говнюк мелкий?    Я не знаю.  Вы самый известный джокер в мире.     Я буду единственным джокером. Понятно?    Я Нет я не плачу. "
56.mp4," Каждой девушке иногда нужно ощутить себя принцессой в самом красивом платье.    Я не исключение.  «  У меня завтра очень важное мероприятие.    Я не могу выглядеть как обычно.   Я поняла, что нужно срочно что-то менять.  На помощь приходит шоу «Фея крестная».  Всем привет! Это шоу «Фея крестная».  И сегодня я хочу помочь нашей героине Маше.    Запиши:  ""  Так это же вообще получается всю жизнь?    ""  Ты учишься и работаешь. На кого учишься? Где работаешь?    ""  Мы не смогли бы сделать достойное пышное платье за один день,   но я, ха ха-ха-ха, я приготовила платье, "
57.mp4," Дырка между двух половинок.    Дырка между двумя половинками.  *  Итак, Ксения Собчак, пройдите мой курс.    **  ** Почему тебя всегда угрожают, Милан?  В самом деле, мы можем об этом поговорить, но просто у нас передача получилась не смешная.  Всем привет, это шоу «Злые языки», где мы приглашаем звезд-шоу «Бизнес» и обсуждаем с ними же новости о них и СМИ.  Ну как я могу про тебя забыть?    Да, конечно.  Да, конечно.   Да, спасибо, храни тебя Господь.    Да, конечно.  Давайте почитаем нормальные новости, потому что это всё  могу смело сказать, я член основного состава  Я, в принципе, и к тому, и к другому имею достаточно "
58.mp4," Первый кулак России, который сделал нокаут в телефонной будке.    ""  Первый бой у меня в будке будет, надеюсь, сегодня .  С кем-нибудь из вас встретимся,  с локтями поделимся, с коленями.    ""  Вы когда-нибудь вообще чистили снег на озере Байкалл,   в Вот я только что этим занимался.  Сегодня мы находимся на Байкале.     Тот уровень, который будет сегодня, который вы сегодня   увидите,   Бои в таком месте, в таком формате вы не увидите   больше нигде.  Стоп, стоп, стоп, стоп. Стоп, стоп, стоп, стоп, стоп.  Раз, два, три, четыре, пять, шесть, семь, восемь. "
59.mp4," Добро пожаловать! Вы находитесь в бюро добрых дел. Общими усилиями мы собираем все хорошее, что есть в этом мире. Я Лариса Брохман, глава этого бюро. Начинай с нами свой день, и мы вернем тебе веру в человечество.    Добро пожаловать в бюро добрых дел!  Ведь делать добро так же просто, как повесить шляпу на вешалку.    Доброе утро!  Доброе утро Как отличить колбасу от планеты? Можно ли продать домашнего лимонада на 15 тысяч долларов? И как дроны спасают жизни? Об этом и многом другом в нашем выпуске.  Вы можете выступать еще 8-10 лет, чтобы я сыграл с вами, когда стану профессионалом? Да, отреагировал Федерер. Обещаете? Федерер с улыбкой пообещал, и вот что произошло через пять лет.  Таким жестом ученый хотел показать, что любую информацию следует проверять. Колбаски что-то захотелось. Ну, идем дальше.  Вот и я думаю, что нет. У побережья Таламона, что в Тоскане, придумали эффективный и изящный способ борьбы с браконьерами.     Вот это достоинное применение современным технологиям.   Заполни форму:  Поэтому я решила поделиться теплом жителями столицы.   И вот я А не хотите горячего какао?  И где-то, наверное, месяца через три я вдруг просыпаюсь, "
60.mp4," Если ты читаешь это, то обратного пути уже нет .  Ты чё там продаёшь?   Ты чё за корыто там продал?   Ты чё там продаёшь?  А ты умеешь это делать?  Ютуб, шоу, разнос, трэш  Спасибо большое за твои байлы  10, 15, 20, 25 , 30, 40, 50, 60, 70, 80  Я первым не достану , я первый не достан Можно наконец-то снять себе квартиру, что-то на улице лежит  С красивой не написано  Вот просто вероятность, как вы думаете, того, что вот на этих машинах мы доедем "
61.mp4,"другое   ( машина , спец одежда , оружие, дорожный знак , к вантуз , автомобиль)</s>планка , к ремень , жесткий диск ,кино театр , скорая помощь ,в "
62.mp4," всем привет договорились сегодня пойти сундуком в баню я короче собрал с   собой сундук в баню,  тебе все самое необходимое сейчас за ним иду   Заполните пробелы:  -  Чем я тебя тушить буду, ты что?    На всех щелей резина горит!  Че в баню собираться?  Вот! Вот так! Оп!   Оп! Оп!  -  Сынок, ну ты мне скажи, ты че, биркула?    -Ты че, обал  долил? До половины тебе хватит!    -  Ты видал? Ты видал?  Поэтому подписывайтесь на канал наш! "
63.mp4," Что объединяет форточку и форзону?    Больше агрессии, больше движа.   Больше агрессии, больше движа.    Больше агрессии, больше дви Всем привет, я Маша Марпл, это ПВП-шоу.  Один банк, два игрока и видеоигры.  Стримеры, киберспортсмены и просто машины по производству контента.  Ну что, парни, можно сказать, что для аудитории вы, наверное,     одни из самых любимых представителей жанра battle royale,     потому что вы, в том числе, в прошлом киберспортсмены.    Как вы думаете, что будет дальше?  «  Так получилось, что было несколько лет,   когда мы Может взлететь Apex просто, потому что Apex там потихонечку что-то попукивает, "
64.mp4," Всем привет, меня зовут Евгений Мальков, и я действующий пилот самолета Airbus A320.    Я пилот авиакомпании «Аэрофлот».   На сегодняшний день я налетал на этом самолете практически 3200 часов.    Я пилот авиакомпании «Аэрофлот». Так, сегодня мы посмотрим, насколько игра Microsoft Flight Simulator 2020 реалистична,  насколько она реально отображает все действия, которые выполняют пилоты,  Выруливаем на взлет, слышны звуки пассажиров, как и обычно это бывает,  но в кабине пилотов, естественно, этого не слышно.    Какие еще бывают ситуации?  Ну, на самом деле, всех не перечислить, ситуации, которые могут произойти   в полете, они разные (  банально там от отказа двигателя, от попадания птицы,   от столкновения с землей Microsoft Flight Simulator, конечно, отражает в действительности  Затрудняется оно тем, что, во-первых, вода, она не такая, "
65.mp4," Ну такой вот анекдот, сколько баллов?    По пятибалльной шкале:   И по десятибальной сколько?    По пятибалльной шкале:   Из десятибальной в семь с половиной поставлю час  Вот приходит как-то ежиха к врачу и говорит  И я сегодня по-любому выиграю, потому что подготовил самые смешные анекдоты  Но сами поймите, у меня опыта в этом зале-то побольше будет .  (  Володя, Вова, Вован по-разному  )  (  Так, давайте, что, перейдем, собственно, к основной части нашей поездки  )  (  Идете нас судить по десятибольной шкале  )  (  все территорию отдал, ну и захотел ссать короче, чиновник уходит в кусты, вот, начинает питься, и в кустах сидит, ну мальчик там собирал что-то в кустах, и такой из кустов влезет и такой говорит  : """
66.mp4,"снегоход , снегоход- машина , снегоход- берег , снегоход- лыжи , снегоходбобслей другое   слово автомобиль , велосипед, лыжная маска , велосипед , парашют ,ракета"
67.mp4," Чтобы поймать преступника, нужно думать, как преступник. Вот я себя и закрыл тут на 15 суток.    -  А вы пришли уже, пришли уже. Здорово.    -  А может вопрос спросить по интимной близости?    -  Ну давай, с кем?    -С тобой.  -  Ты не знаешь, какая акция у нас что-ли там в пивнушке?    Ах, а я чего, одна что ли пойду? Вообще зачем там закрылись?    Ну и что?   Ну и что, вы начали понимать преступников?    Ну и что?   Ну у нас там у Германии открыли.    Ну и что А мы приехали тебя задерживать, а ты там спишь в кармане  Еще больше всего интересного в нашем солье телеграм канале, мы там с вами общаемся напрямую, "
68.mp4," Я включу мозг уже в конце концов.    Я включу мозг,  Я принимаю твой вызов.    Я принимаю твой вызов.  * * *  Сегодня мы во Владимире.  В одном из крупнейших центров Золотого кольца России.  В котором сохранилось множество архитектурных памятников.  И будет что-то невероятно бомбичешкое.    Без интернета?  Без темноты, без гаджетов?  Без телефонов?Без телефонов?  Может быть это что-то связано вообще с водой?  С водой?С водой? О, извините, младший, не поможете нам?  старый Владимир, в котором можно перенестись "
69.mp4,"театр , микрофон , часы , червь , одежда ,театр.</s>сцена   из фильма ноутбук   змея   веб-сайт   дерево  деревья</s>"
70.mp4," Всем привет! Меня зовут Иван. Я охотник. Занимаюсь этим, сколько я помню, с рождения, наверное.    Вот, например, как это выглядит:  Пасутся зубры. Интересно, у него есть лицензия. На открытой местности так близко подходить к ним зачем?    А вот так:  Близко очень. Нет, так нельзя охотиться.    А Надо было подойти сзади и ткнуть его, а не сразу пытаться освеживать.  Мы обычно берем с собой сковородку, либо делаешь палочку, строгаешь,  либо филейную часть какую-нибудь такую.    «  Охота зимой, вот он идет, видно, что у него очень сильно проваливается, в принципе, да,   но он не проваливается».  «  Он слишком шевельнулся, а он спокойно к нему подходит,   и он не проваливается». Часто скупают китайцев в России, потому что в большинстве случаев, допустим,  либо с тепловизионным прицелом. "
71.mp4," Рутуб, привет! С вами Саша Белькоич и сейчас вам покажу рецепт салата мимоза.    Мимоза.  Да.   Только знаете, это будет настоящая воздушная, полезная, вкусная мимоза, а не просто вот эта плотная холодная лепешка, которую все обычно делают.    Мимоза.  Да. Смотрите, я вам покажу шефские нюансики, как сделать ваш салат, который будет на уровень выше всех других салатов мимоза.  Смотрите внимательно. Секретиков много, но в них вся фишка.  Вот здесь вот в фольге у меня уже остывшая морковка. Разворачиваем.  Морковка, по сути, также проверяется готовность шпажечкой.    И вот так ее можно отрезать.   Короче, вкус остается более концентрированный и ваш овощ по-настоящему вкусный.    Просто запомните.   И супер вкус овощей вам обеспечен. Запоминайте.  И вот такими движениями, можно ее даже отрезать.  Просто проблема мемозы в чем? "
72.mp4," Так, ну что, друзья, всем привет! Вы на самом вкусном, душевном, красивом, смешном, юмористическом, кайфовом канале.    _  Как вы поняли, вы на канале Максим Народный. Я рад вас тут приветствовать.    _  Сразу вам хочу напомнить то, что у меня есть Инстаграм, у меня есть Телеграм канал,   у меня есть ВК канал,  где вы можете задавать мне свои вопросы, на которые я буду отвечать в своих выпусках.     Можете писать там рецепт, писать как дела. В общем, пишите, общайтесь, буду рад каждому.  И что нам для этого понадобится? Свеженькая сёмга, шампиньоны, лук, морковка, болгарский перец,   чеснок, соль, перец.  Вот так ее режем.  И перекладываем ее в отдельную глубокую тарелочку.    А вот так Даже вот так его сейчас заранее разрежу на брусочки такие. Даже вот так еще.  И будем его нарезать. Такой вопрос от подписчиков.  Пашка, ты как? Что думаешь? "
73.mp4," Здравствуйте, дорогие зрители! Это мегамероприятие Карджицу!    Это шоу «  Борьба в автомобиле! Те, кто уже видели, остались в восторге!    Кто-то в шоке!   Кто-то даже сошел с ума!    Это шоу! Это шоу, где два участника борются в автомобиле по правилам джиу-джицу!  а также необычное противостояние двух ребят из Питера, Артема Тарасова и Гоги Тупури!  Представляю профессиональную судейскую бригаду .  _  20 секунд всего прошло, Фарид полностью доминирует в раунде ._  _  А я ей говорю, типа, я продюсер этих съемок , и я не могу так просто Со счетом 2-0 проходит в полуфинал Гран-при  Что ж, надеюсь скоро увидим вас вновь "
74.mp4," 35 секунд осталось просто зачем как ты будешь открывать весь   этот хлам?  помидор и огурчики на даче просто собираемся братва всем привет это 1000 долларов шоу я его ведущий   и моя команда из 100  подписчиков не раз убеждалась в том что он может превратить обычный автомобиль в машину мечты и   в доказательство того,  что любое средство передвижения это не только практично но и весело на этой неделе я придумал   игру в автомобиля побеждает тот кто за 5 минут перевезет больше предметов и наберет больше баллов всем  как я понимаю вы поняли да у нас есть вон там вот огромная куча с предметами на каждом предмете   написано что это и как с ними работать вы с предметами из этого диапаз  она пока не работали у вас осталось 4 минута а еще нужно проехать круг да да да в курсе   что у вас внимание как внимательно стоят и смотрят другие участники еще никто не знает сколько  его у нас не осталось. Я понял, что здесь самое важное, это что? Это шоу.  И давайте прямо сейчас перейдем к следующей попытке. "
75.mp4,"конверт , конверт ( другое  ), конверт ( веб-сайт  ). Пластырь  -П ластик  -Пластикспичка , часы ( часы  ), интернет- магазин , стол ( стол  ), спец одежда , одежда."
76.mp4," Я зайду на престолов и стану самым великим правителем семьи короневских.    Кто вы такие?  Кто вы такие? Кто будет трахаться и летать на драконах в этом сериале?    Кто вы такие?  Что ты там сказал?    Кто вы такие?  Вот все это и многое другое сегодня в выпуске Мульт Найт Шоу.  Добрый день, вечер, ночь или утро.  Серьезно? Он здесь? Где?    Заполни пробелы:   Расскажите нам о вашем недавнем падении.    Заполни пробелы:   То есть вы на самом деле умеете кататься на велосипеде?  Но на самом деле всю жизнь мечтал я о другом,  Как вам моя новая сумочка? "
77.mp4," Всем привет, с вами шоу «Такой расклад» и я, Енина .  Здравствуйте!  Здравствуйте!  Здравствуйте!   Я напоминаю, что мы находимся с вами в прямом эфире.    Здравствуйте!  Здравствуйте! Три раза в неделю с помощью метафорических карт, карт  Я думаю, что вы уже давно ее запомнили, потому что  планы на декабрь уходящего года.  Хочется все успеть, построить грандиозные планы на Новый   год, но при этом важно  понимать, что успеем, что не успеем, в каком направлении   двигаться.  ""  Для меня это важно, чтобы, так сказать, соединиться   с картами""  "" Можем ли мы спросить у Кар Таро, сможет ли покупатель  Ну да, это замечательный вопрос, я думаю, как раз "
78.mp4," Всем доброго дня! Я рада приветствовать вас на очередном собрании нашего анонимного клуба . Мы все здесь, чтобы стать чище.  Любители Чистоты. Ты же моя чистюля! Так, у нас кое-кто опаздывает, но я думаю,   что это не страшно, потому- что мы можем начать. Давайте еще раз вспомним, как вы пришли к чистоте. Может кто-то хочет начать?  называется «Пацанский клининг». По задумке мы с пацанами приходим к подписчику домой и убираемся.  Ну, сначала было весело, мы ржали какой-то срач в квартирах. Я даже не придавал этому особого  когда захочу. Ну, раз пошла такая пьянка, я тоже подсел на «Пацанский клининг». Вы меня спросите,   а как же спать?  Ну, вот так.  Если попадется кому-то зал, то можно ставить будильник на полчаса и ложиться спать. На самом деле я   не очень люблю этот вид спорта но конечно хотел сегодня победить в пацанском пианинике, не знаю, получится или нет, будем пробовать.  Назар просто не способен убраться до влезка, поэтому у меня сегодня есть прям все шансы  Последний, а вот тут вот. "
79.mp4," Привет, мэшкины, с вами тикток-шоу, я Вира, и сегодня   в этом выпуске  я вам расскажу все новости этой платформы.    #  Начнем с самой лучшей рубрики «Чё ново?».    #  Мне кажется, вы все слышали этот шедевральный трек   от Валюши.  Пока этот ролик вирусился по всем хаосам, Валюша зря   не тер времени не теряла, она подготовила ответочку.    Она сказала,  что больше никогда не вернётся в OnlyFans, ведь нужно двигаться   дальше.  «  Да куда ты все за грязь?    Кто это там плачет?  « Кто это там плачет?  Ваня Ваня Ваня Ваня Ваня Ваня Ваня Ваня Ваня Ваня Ваня "
80.mp4," С вами шоу «Анкета» – шоу, где комики, опираясь только на свое комедийное чутье, пытаются разобраться, что за человек у нас в гостях.    Сегодня у нас в гостях…  Итак, участники сегодняшнего выпуска – Макс Береснев, Паша Кривец и Некита Дубровский.    Сегодня у нас в гостях…  Итак, правило шоу «Анкета» – три комика впервые видят гостя и не знают о нем никакой информации.    Сегодня За то, что ты, Макс, разводишь поросятину, плюс тысяча баллов. В этот раз я буду записывать «Макс, плюс тысяча».  Макс, плюс сто пятьсот, правильно.  И сразу же минус тысяча. Красиво вышел в ноль мальчик. Итак, парни, как вы думаете, что за гость будет сегодня у нас?    Никита, что ты думаешь?   Никита, что ты думаешь?   Я думаю, что это будет Андрей Сы Подожди, ты же ждал Андрея Сырского.  Может быть, что, как ты думаешь, лучшее событие в жизни Макса Береснева?  Ну, относительно. Кому как. "
81.mp4," Счастье не вмешает нос  ок,  Счастье не вмещает носок.  Вы, конечно, не подарки, но подарок нужен каждый   день.  Подарков много не бывает , а вот подарков Всегда выгодные предложения на привет-мир.ru  И добро пожаловать на мое авторское шоу  российской эстрады Марии Погоявленской    Потому что, ну, обычно мы начинаем дома , в своей квартире,  Ну, или максимум в отеле в каком-то , или в гостинице, или еще где- что-то, о чем ты думаешь  что там, квартира, дом, дворец у тебя какой "
82.mp4," Всем привет! С вами Марк Лиманский, программа «Отмена культуры», в рамках которой мы обсуждаем современные медиа с точки зрения истории, культурологии и искусствознания.    Сегодня мы поговорим о TikTok.  Сегодня абсолютно каждый человек может почувствовать себя звездой и создавать собственный авторский видеоконтент.    TikTok  TikTok — сервис для создания и просмотра коротких видео.    И на первый взгляд далекий от современных медиа, но тем не менее, смотрите ли вы TikTok?  И мне было просто интересно, что там происходит, как это все работает, на что это все настроено.  Вы, кстати, знаете, что в Китае очень серьезные ограничения на TikTok.    Да, я знаю.   По-моему, к этому уже подходит.    Да, я знаю.   С одной стороны, у людей моего поколения они говорят, зачем ты смотришь эту помойку?    Да Ну, я же, я пересмотрела то, что снимает, я не знаю там, я могу произносить имена, да?  По сути, благодаря современным технологиям, программам, телефонам, не смотря на то, "
83.mp4," Друзья мои, всем добрый вечер!    Хочу вам сказать,  что у нас здесь необыкновенное, как у Буратино, шоу.    И это не просто шоу.   Поэтому мы соединяем на единой площадке   гала- концерт молодых артистов разных музыкальных жанров  Я какой-то дворник, может быть, даже.  Даже есть и пить.    Я не могу. ...  Не то чтобы мне всегда нужен помощник в баре, нет,   но иногда у меня возникают  какие-то интересные вопросы, ну, и сотни новых рецептов коктейлей,   которые я хочу попробовать Вы меня взрастили, подчиненная, рада службе, ваша госпожа.  Сене! Собака! Собака на сене! "
84.mp4," Всем привет! Меня зовут Саша Великолепный и добро пожаловать на шоу «Сколько стоит день?».   Сегодня мы посмотрим, как живет наша героиня.  А главное — узнаем, сколько денег она сегодня потратит. Готовы? Погнали!    Привет!  Привет!  Привет Мы вас не ждали!  Я смотрю, как не ждала. Уже в макияже петличка висит со звуком. Привет!  Потому что мне там не нравилось. Если б мне нравилось, я бы оттуда не переехала.  Нет, ну там просто как в офисе. А здесь такой свежо, рядом парк.    А ты не боишься, что тебя не поймут?   А ты думаешь, не поймут?    Ну, я как Ну, как бы, что вот я должна быть в спокойствии, я должна полностью как бы заниматься только тем,  Так она яркая, позитивная, но чтобы создать настроение,  Ну, то есть как бы я считаю, ну еще раз повторюсь, "
85.mp4," Спасибо, спасибо, ты тоже, мне нравится, моя аудитория.    Я не люблю ваш жанр вообще.   А моя бабушка делает только практичные подарки, типа   иконок с фото  службы за здравию, блюдские гены.     Я ненавижу ваш жанр вообще.    Не-не-не, это мой микрофон.  Не смешно? А давайте еще раз попробуем, смотрите.    Неудобный стендап  Неудобный стендап – это шоу, где крутые комики рассказывают   о своих проблемах.  Я недавно захожу в вагон, и там женщина просто без остановки.   И «Алло, Гена, все, я села, ты меня встретишь?»  Она на меня показывает и говорит «Вот видишь дядю? "
86.mp4,"здание , машина, кинотеатр , раскладушка , машина , гильотина ,телефон</s>причал , другое   судно, ресторан , светофор , журавль ,птица.</s>"
87.mp4," Ну что, приехали, значит, на рыбалку. Сегодня у нас все колебалки, мэпсы, забросы, чашки, самогонка.    Егор, это что такое?   Егор, это что такое?   Это чук, Викториня. Будь чук у тебя сегодня, Егор.  Да это же такие вопросы легкие, Викториня, я буду участвовать.  Сегодня буду вываживаться рыбу в методном сундуке.  Нет, ты сам методом будешь вываживаться.    Когда он был дикий.  Когда он тоже был дикий. Закидываешь?    Закидываешь?  Закидываешь?  Кстати у нас позавчера у Теплого был день рождения.  Тяжелый металл. Бросает далеко. Бросает хорошо.  Прямо, ну что, друзья. Рад вас приветствовать "
88.mp4," Всем привет! Меня зовут Марина Дворникова. Я мама троих детей и успешный блогер.    Меня часто спрашивают о юридических вопросах.   Я помогу вам разобраться в трудных и спорных ситуациях.    Сегодня я расскажу про отцовство. Если ребенок был рожден в браке, мужчину автоматически вписывают в свидетельство о рождении в качестве отца.  А вот если брака не было, отцовство нужно устанавливать.  Как это сделать? Что для этого нужно? И может ли мужчина оспорить отцовство?  Если кто-то из родителей не может явиться для подачи совместного заявления, можно составить их по отдельности.    Документы:  1.  Если регистрация рождения произошла до подачи заявления.    2.  За государственную регистрацию установления отцовства нужно заплатить госпошлину – 350 рублей.    3.  Исковое заявление, копия паспорта, копия свидетельства о рождении ребенка,   копия свидетельства о Если свидетели подтверждают отцовство, есть фотографии, переписка, но мужчина отказывается признавать ребенка, "
89.mp4," Братва, прежде чем вы посмотрите этот видеоролик, я хочу напомнить то, что в прошлом выпуске мы решили подарить нашим подписчикам iPhone 13 Pro.    Условия акции:  Условия очень простые. Нужно в предыдущем выпуске найти засекреченное слово, написать его вот под этим постом у меня в Instagram, ну и ждать 3 февраля.    Все. Жизнь начнется без овралов, сундуков и генералов Жизнь начнется без овралов, сундуков и генералов. Демобилизация.  Здравствуйте. Здесь до 9 офис? Да. Все. Жизнь начнется без овралов.  Короче, я с этой бабцухой вот так вот на ручнике в поворот залетаю. Понял?  Не ори, будешь пирог с собой взял?    Сколько тебе лет?   Два с половиной месяца.    Сколько тебе лет?   Придурок вышел из класса, он вещи собирает.    Сколько тебе лет Скажите, какие вы знаете из строящихся?  Сколько баллов Андрюха заслужил у нас? "
90.mp4," Добрый вечер, это шоу «Такой расклад», шоу, где мы в прямом эфире отвечаем на самые важные, ваши, дорогие зрители, вопросы.    Привет.  Привет.  Привет.  Привет.  Тема сегодняшнего эфира – карьера, бизнес, деньги. Это очень важная тема. Меня зовут Сергей Терра и, как всегда, я в студии «Ниозин». На студии Ксения Протаро. Привет.    Привет.  Привет Я очень рад тебя видеть.  Может быть, и девчонка.  И пишите ваши вопросы максимально конкретно. В какой срок вы хотите узнать? По поводу чего вы хотите узнать?  Хорошо. Ты уже, кстати, настроилась? Да. Я уже подключилась. Мы уже на связи. Знаешь, что хотел с тобой обсудить?    Да, конечно.   Но конкретно сделает что-то такое же феерическое, как у Гарри Поттер.    Да.   То есть, карты показывают, что такой вот ошелонительный успех побить будет уже сложно?    Да.   Рука имеется в виду высшей энергии, да, высших сил.    Об этом все и говорит, друзья. Ну, а мне кажется, вам, как минимум, дорогие наши зрители, повезло, "
91.mp4," Я рад вас приветствовать на нашем деле, с вами как   всегда-  всегда я, Артур Рутинян, а рядом со мной Бессменный,   это наше дело, это наше  дело, это в буквальном смысле прямой эфир, что значит,   это не просто онлайн-  трансляция, это наше дело, праздник боевого духа,   это наш Мы подготовили для вас 8 крутейших боев и лютый  крутом городе Кутаиси, конечно, этот бой ждут, это Мухаммед   Али.   Я, наверное, не буду оригинальным, я жду главный, обычно у нас   говорят, что он взял мега-  микрофон и сказал быстрее.     Но подловил его на контратаке еще с соперника с синего угла.    Но надо признаться, что и в первом раунде он довольно часто перешел "
92.mp4,"театр , кино, сцена , другое . спичка , медуза ,медуза</s>змея , виолончель , одежда , мяч , электрогитара ,снег</s>"
93.mp4," Друзья, я рад вас приветствовать на шоу «Наше дело».    Здравствуйте, друзья!   У нас совсем скоро бои.     Меня зовут Артур Рутинян, рядом со мной мой братан Сашестов.    _  Ну что, Сань, готов?  _  _  Можно мне тоже поаплодировать, пожалуйста?  Я хочу просто уничтожить его, забрать с него все, что у тебя есть.    Заполни пробелы:  ""  И тот человек, которого вы вряд ли могли ожидать здесь увидеть,   - это я"".  ""  Али Хайбати, любимый брат персидского дагестанца,   который организовал брату больше 30 стердаунов.  У тебя была операция на коленку, травма еще не зажила, "
94.mp4," Всем привет! Вы смотрите шоу «Какого Меркурия?».    Здравствуйте, дорогие друзья!  «  Эх, сейчас бы раков поесть, а не вот это вот всё.    А вы как думаете?»  «  Я всё также пытаюсь разобраться,  возможно ли вот так взять и узнать знак зодиака человека  Он не телец, не овен и даже не рыба,  потому что он стендап-комик Рома Головин.   Я не знала, что он комик,  пока не узнала, кто это.    Привет, Рома!  Во-первых, скажи, как я тебе в целом?    Привет, Помнишь, я задавала тебе секунды назад вопрос?  Во время игры участники узнают о гости два интересных факта "
95.mp4," Всем здорова! Это самое адекватное по моим меркам шоу «Женский труд».    Заставка!  «  Перед началом позвонил Криштиан Роналда и попросил провести этот выпуск   для него.  «  Хренушки, Криштиана! Тебе еще детей на ноги ставить,   а не в футбол играть а этим девчонкам пробивать огненные пенальти. Заставка!  Девчат, вам нужно будет забить два пенальти.  Кто из вас первые прошьет два раза нашего вратаря,   тот и будет победителем.  Нормально, нормально. По одному уже пробили.    Раз, два, три, четыре, пять.  Девчата, если вы чувствуете, что ваши ногти на ногах синяют,  Раз, два, три, четыре, пять.  Ну, вот я как-то коряу, у меня получилось, "
96.mp4,"толстовка , штанга , пиво , солнечные очки , одежда ,одежда.</s>шапочка , бронежилет , солнцезащитные очки , майка , носилки ,сумка.</s>"
97.mp4," Смотри, я добрал ночь!    Я добрал ночь! ...  Дайте другую команду, пожалуйста.   ...  Дмитрий Старых и Кирилл Комраков.   ...  Сегодня у нас легендарная связка из «Амкала».   ...  Ну что ж, друзья, у нас первый челлендж,  который определит, кто из нас лучше владеет   этим инструментом.  В общем, всё очень просто.    А за что дают?   А за то, что намертво дают что-нибудь, нет?    А за что дают? Ну давайте, тут уже не будет  Играть будем два на два, а играем мы "
98.mp4," Всем привет! С вами шоу Хашлама. Это то шоу, где вы можете поесть. И мы можем поесть. Мы это, собственно говоря, и делаем.   Мы едим.  И приглашаем в гости талантливых молодых блогеров. Смотрим их контент и пытаемся доказать в течение часа, что они не талантливые.    Павел, это какое направление?  Ментуси, это какое направление? Информационное безопасное. Посмотрите на Павла. Вы чувствуете информационное безопасное?    Ты меня сфот Конечно, я ж твой братик.  Я сфоткал тебя в конце.  Абсолютно. Абсолютно этого не хочется говорить, как ты угадал. Это девушка твоя?    Да.  _  А на хрена ты столько огурца откусываешь?  _  _  А чем он застрял?  _  _  Хуже только мы с ним отыграем . 300 и ремонт 300 а ремонт 150 ты по страховке что-то там вытаскивал не понял ремонт 300 косарей нет она стоит "
99.mp4," Так, Андрюх, ты давай поляну сюда вкладывай.    Да, да, да.  Я ни черта не вижу.    Да, да, да.  Да  Да стой ты, блин, нам сюда точно.  Не стесняйтесь, мы уже живем в будущем.  Иди сюда, родная. Это она?  В каждом выпуске Таня Строхова вместе с гостем   программы, который  посещают города Золотого кольца, вернут свои деньги.    Таня Строхова:  Посмотрим, получится ли у наших участников   вернуть свои деньги.  Гость:  И мы с тобой...  Скоро ты не запоешь, потому что нас ждет очень много приключений. "
